Keys,Russian,English
otherLocalsFuture,Локализация на другие языки в разработке.,汉化由B站Up:战争核心官方_艾尔 制作【汉化完全免费，如遇收费，则是骗子】
task-defeatCondition-0,Если ваши здания будут уничтожены. Вы потерпите поражение.,"如果你的建筑被摧毁，你将战败。"
task-destroyProd,Разрушьте заводы врага:,摧毁敌方工厂：
task-captPoints,Удерживайте точки:,占领据点：
task-destroyLastUnits,Добейте выживших:,消灭残敌：
demoFaction-rebels,Мятежники,叛军
demoFaction-rebels-info,"Более классическая фракция с упором на мобильные и легкие юниты.
Отлично подходит для стартового противника, так как заведомо слабее в огневой мощи.","更经典的派系，专注于机动和轻型单位。
非常适合作为初始对手，因为他们天生比变种人弱。"
demoFaction-mutants,Мутанты,变种人
demoFaction-mutants-info,"Постоянное навязывание ближнего боя и тяжелые штурмовые юниты создают серьёзную преграду.
Для проверенных командиров.","不断逼迫近战的重型突击单位构成严重威胁。
适合有经验的指挥官。"
demo-selectEnemyFaction,Выберите противника,选择对手
version,Версия:,版本：
volume-master,Мастер,主音量
volume-music,Музыка,音乐
volume-voices,Голоса,语音
volume-sfx,Эффекты,音效
volume,Звук,声音
camera,Камера,相机
borderCameraSpeed,Скорость по краям,边缘滚动速度
mouseCameraSpeed,Скорость,灵敏度
vsync,Верт. Синх.,垂直同步
fpsLock,60fps лимит,60帧限制
fullScreen,Полный экран,全屏
cameraInterpolation,Интерполяция камеры,相机插值
cameraShake,Тряска камеры,相机抖动
brightness,Яркость,亮度
graphics,Графика,图像
res-widescreen-guid,Если не работает стандартное разрешение: используйте конфиг в корне игры. Параметр: override res,如果标准分辨率无效：使用游戏根目录的配置文件。参数：override res
controls,Управление,操作
controls-dev,Изменение горячих клавиш находится в разработке.,快捷键自定义正在开发中。
controls-text,"Shift + Приказ — добавляет приказ в очередь.
Shift + ЛКМ по юниту/выделение рамкой — добавить к выделенным.
Ctrl + ЛКМ по юниту/выделение рамкой — убрать из выделенных.

T / Ctrl + 1...9 — добавить в группу быстрого доступа.

Ctrl + Q/A/Z — горячая клавиша для локального снаряжения.

A (без контекста) — атака в движении.
P — патруль.
G (Зажать) — задний ход.
B — генеральный ремонт.
S — стоп-приказ.

E — первая способность.
R — вторая способность.

Tab — Выбор среди выбранных юнитов.
Tilde (~) — смена вкладки опций.
Q — опция 1.
W — опция 2.
A (в контексте опций) — опция 3.
S — опция 4.
Z — опция 5.
X — опция 6.
D — опция 7.
C — опция 8.
F — опция 9.
V — опция 10.

F1 — выбрать всех строителей.
F2 — выбрать все боевые юниты.
F3 — выбрать всех юнитов.

Space — тактическая пауза.
Esc — пауза.
I — скрыть интерфейс.
Alt + прокрутка колеса — приближение камеры.
Alt + зажатое колесо — вращение камеры.","Shift + 命令 — 将命令加入队列。
Shift + 左键点击单位/范围选择 — 加入已选单位。
Ctrl + 左键点击单位/范围选择 — 从已选单位中移除。

T / Ctrl + 1...9 — 加入快捷编队。

Ctrl + Q/A/Z — 本地装备快捷键。

A（无目标时）— 移动中攻击。
P — 巡逻。
G（按住）— 倒车。
B — 维修。
S — 停止。

E — 第一个能力。
R — 第二个能力。

Tab — 在已选单位中切换。
~ 键 — 切换选项标签页。
Q — 选项 1。
W — 选项 2。
A（选项界面中）— 选项 3。
S — 选项 4。
Z — 选项 5。
X — 选项 6。
D — 选项 7。
C — 选项 8。
F — 选项 9。
V — 选项 10。

F1 — 选择所有建造者。
F2 — 选择所有战斗单位。
F3 — 选择所有单位。

空格 — 战术暂停。
Esc — 暂停。
I — 开/关界面。
Alt + 滚动滚轮 — 缩放相机。
Alt + 按住滚轮 — 旋转相机。"
endStats-stats,Статистика битвы:,战斗统计：
endStats-time,Время:,时间：
endStats-lossesPeople,Потери в людях:,伤亡人数：
endStats-shots,Выстрелов из крупных калибров:,大口径射击次数：
endStats-lossesUnits,Потери в юнитах:,单位损失：
endStats-lossesSupply,Потери в у.е. снабжения:,补给单位损失：
endStats-killedUnits,Убито вражеских юнитов:,敌方单位击杀：
endStats-killedSupply,Убито врагов (в у.е. снабжения):,敌方击杀（补给单位）：
endStats-killedBuilds,Уничтожено зданий:,摧毁建筑：
endStats-resCollected,Ресурсов собрано:,收集资源：
endStats-diffAndSize,Сложность и размер:,难度与规模：
endMisson-victory,Победа,胜利
endMisson-defeat,Поражение,战败
endMisson-retreat,Отступление,撤退
weather-meteorStart,Внимание. Радар обнаружил летящие обломки со стратосферы. Распределитесь.,注意。雷达探测到平流层坠落碎片。散开。
weather-meteorEnd,Обломков на радаре больше нет.,雷达上已无碎片。
weather-rainStart,"Поступили данные с метеорологического центра. Ожидается сильный шторм, приготовьтесь.","气象中心传来数据。强风暴即将来临，做好准备。"
weather-toxicStart,"Счетчики заметили приближение кислотного выброса. Занимайте здания, чтобы укрыться. ",传感器探测到酸性排放物正在逼近。躲进建筑物内。
weather-toxicEnd,"Выброс прошел, можно выдохнуть.","排放结束，可以呼吸了。"
missionText-reinforcements,Ваше подкрепление в пути.,增援已在路上。
missionText-reinforcementsEnemy,Противник призвал подкрепление.,敌方召唤了增援。
missionText-endSurvivors,У противника осталась существенная группа войск. ДОБЕЙТЕ ВЫЖИВШИХ.,敌方仍有大量残余部队。消灭残敌。
reinforcementsInMove,Подкрепление в пути,增援在路上
eta-tacticalAbility,Расчетное время:,预计时间：
placing-repos,Переместить,重新定位
placing-blockedExit,Выход мешает,出口被堵
placing-noSpace,Нет места,空间不足
placing-mineralsNear,Слишком близко к минералам,距离矿物太近
placing-terrainNotFlat,Неровный ландшафт,地形不平整
placing-otherPlans,Другая планировка мешает,其他布局冲突
placing-isOutside,Не в зоне строительства,超出建造区域。
placing-isOutside2,Не в зоне,超出区域。
placing-onTarget,Размещается на объекте:,放置目标：
selectObject,Выделите объект,选择目标。
mainmenu,Главное меню,主菜单
continue,Продолжить,继续
no,Нет,否
yes,Да,是
next,Далее,下一步
save,Сохранить,保存
start,Запуск,启动
play,Играть,开始游戏
exit,Выход,退出
settings,Настройки,设置
genRepairStarted,Ремонт начат,维修已开始
genRepairStoped,Отмена ремонта,维修已取消
genRepairNoDamage,Нет повреждений,无损伤
fantomTip,Нажмите ПКМ для отмены.,右键取消。
aim-gui-rear,Угол встречи: Корма/борт,交战角度：后方/侧面
aim-gui-front,Угол встречи: Лоб,交战角度：正面
or,Или,或
object,Объект,目标
doctrine,Глобальное улучшение/доктрина,全局升级/科技
affects,Влияет на:,影响：
localUpgrade,Локальное снаряжение,本地装备
localUpgradeHave,Это снаряжение есть в:,此装备可用于：
removeOptions,Убирает опции:,移除选项：
addOptions,Добавляет опции:,增加选项：
required,Требуется:,需要：
availableUnits,Доступные юниты,可用单位
startArmyLeftMenu-info,Выберите юнитов из меню слева.,从左侧菜单选择单位。
deploy-zones,Зоны развёртывания,部署区域
deploy-reset,Сброс,重置
deploy-startBattle,Начать сражение,开始战斗
strikeGroups,Ударные группы,突击编组
curStrikeGroup,Текущая группа,当前编组
startArmy,Ваша ударная армия,你的突击力量
startArmy-info,Стартовая армия для ведения ранних наступлений или обороны.,用于早期进攻或防御的初始部队。
slideTwhoInfo,Вооружение и другое >>>,武器及其他 >>>
noStartWeapon,У объекта нет стандартного вооружения.,该单位没有标准武器。
mainParams,Основные характеристики:,主要特性：
antiAir,Стрельба по воздуху,防空能力
sizeType,Тип размера:,尺寸类型：
small,Малый,小型
medium,Средний,中型
large,Большой,大型
special,Особый,特殊
armoreType,Тип брони:,装甲类型：
vehicle,Техника,载具
infantry,Пехота,步兵
building,Здание,建筑
hitpoints,Прочность,生命值
extraHitpoints,Доп. прочность,额外生命值
mainArmore,Основная броня,正面装甲
rearArmore,Задняя и бортовая броня,后侧装甲
gasResist,Сопротивление газам,毒气抗性
fireResist,Сопротивление огню,火焰抗性
areaDmgResist,Сопр. урону по области,范围伤害抗性
movespeed,Скорость движения,移动速度
rotatespeed,Скорость поворота,转向速度
back,Назад,返回
mainWeapon,Основное вооружение:,主武器：
defaultOptions,Стандартные опции,标准选项
basicOptions,Основные опции,主要选项
sideOptions,Дополнительные опции,附加选项
mgWeapon,Скорострельное вооружение,速射武器
cannonWeapon,Тяжелое вооружение,重型武器
projectileWeapon,Артиллерийское вооружение,火炮武器
turretSpeed,Скорость турели,炮塔转速
hullAim,Наведение корпусом,车体瞄准
cleanDmg,Чистый урон,纯粹伤害
dmgToInfantry,Урон по пехоте,对步兵伤害
dmgToVehicle,Урон по технике,对载具伤害
dmgToBuild,Урон по зданиям,对建筑伤害
dmgRadius,Радиус урона по области,范围伤害半径
reloadTime,Перезарядка атаки,装填时间
reinforementsGm,Подкрепления с глобальной карты.,从全局地图增援。
groupAssigned,Группа назначена на цифру:,编组已分配到数字键：
modeSreenSelect,Переключатель ограничителя,限制器开关
modeSreenSelect-info,Если включено: Выделение объекта двойным кликом и последующее выделение юнитов этого же типа ограничивается границами экрана.,启用后：双击选择某单位后，再用同类选择将仅限于当前屏幕区域。
allSelect,Выделение всех юнитов.,选择所有单位。
baseSelect,Выделение строительных зданий.,选择所有建造建筑。
fSelect-info,Второй клик переместит вас к первому в списке.,第二次点击将跳转到列表中的第一个。
allArmySelect,Выделение боевых юнитов.,选择所有战斗单位。
groupSelected,Группа {0} выделена,编组 {0} 已选中
buildersSelected,Выделены строители,已选中建造者
armySelected,Выделены все боевые юниты,已选中所有战斗单位
allUnitsSelected,Выделены все юниты,已选中所有单位
resourcesFull,Коллектор полон,采集器已满
tacticalPause,Тактическая пауза,战术暂停
pause,Пауза,暂停
anchor,Якорь,锚点
anchor-info,"Ваша камера вращается вокруг позиции, на которой она находилась в момент установки якоря.",相机围绕你设置锚点时的位置旋转。
reset,сброс >,重置 >
noVision,Нет обзора,无视野
materials,Материалы,材料
materials-info,Основной ресурс. С помощью этого ресурса вы строите здания и нанимаете армию.,"主要资源。用它建造建筑和招募军队。"
supply,Снабжение,补给
supply-info,"Лимит войск на поле боя.

Постройте ""Депо снабжения"" или ""Склад снабжения"", для расширения лимита.

Нет ограничения на расширение.","战场的部队数量上限。

建造补给站或仓库来增加上限。

始终有最低数量空间。"
gears,Детали,零件
gears-info,"Этот ресурс требуется для производства высокотехнологичных юнитов и зданий. В основном, восполняется с глобальной карты.",生产高科技单位和建筑所需。主要通过回收和占领敌方建筑补充。
energyPower,Энергия,能源
energyPower-info,"Сетевая мощность вашей базы. При отрицательном значении (нехватке), производство сильно замедляется, а турели перестают работать.","基地的电网容量。如果为负值（不足），生产将大幅减缓。"
sirenaToggle,Переключатель сирены,警报开关
cameraReset,Сброс камеры,重置相机
optionsToBuild,Переключение вкладки,切换标签页
optionsToBuild-info,Этот объект имеет 2 вкладки с опциями. Нажмите для переключения.,此单位有两个选项标签页。点击切换。
repairGlobal,Ремонт,维修
repairGlobal-info,Позволяет отремонтировать выбранный статический объект. Ремонт стоит материалы. Сверху указано текущее количество ремонтируемых объектов.,允许你维修选中的静态单位。维修消耗材料。当前维修单位数量影响速度。
prodPause,Пауза производства,生产暂停
prodPause-info,Ставит производство на паузу.,暂停生产队列。
prodLoop,Зациклить производство,循环生产
prodLoop-info,"Ваша очередь будет зациклена. Произведённый юнит встанет в очередь сразу после того, как появятся ресурсы на юнита в очереди после него.",生产队列循环。生产出的单位将立即重新加入队列末尾。
mapLock,Блокировка поворота,地图旋转锁定
mapLock-info,Миникарта будет вращаться вместе с камерой.,小地图将随相机一起旋转。
mapKnobScale,Размер миникарты,小地图尺寸
mapKnobScale-info,"Крутите колесо мыши, чтобы менять размер.",滚动鼠标滚轮改变尺寸。
mapKnobRot,Поворот миникарты,旋转小地图
mapKnobRot-info,"Крутите колесо мыши, чтобы менять поворот.",滚动鼠标滚轮改变旋转角度。
modeBehaviour,Режим поведения,行为模式
modeBehaviour-info,2 режима. Оборонительный и атакующий. При оборонительном юнит удерживает позицию. При атакующем пытается атаковать на опережение.,"有两种模式：防守和进攻。防守模式下，单位固守位置。进攻模式下，单位主动追击敌人。"
attackPriority,Приоритет атаки,攻击优先级
attackPriority-info,"Тип цели, на который переключится юнит, как только такой тип будет в зоне поражения.",当该类型目标进入射程时，单位将优先切换攻击该类型。
attackBlock,Заблокировать атаку,禁止攻击
attackBlock-info,Запретить юниту вести стрельбу и наводиться на цель.,阻止单位射击或瞄准目标。在需要隐蔽或保存弹药时使用。
aclick,Атака в движении,攻击移动
aclick-info,"Вы указываете позицию, в которую должен прорываться ваш юнит. Юнит будет двигаться в данном направлении и атаковать всё, что будет в его зоне поражения.",指定单位应推进到的位置。单位将朝该方向移动，并攻击沿途遇到的任何敌人。
patrolOrder,Патруль,巡逻
patrolOrder-info,Юнит патрулирует местность.,单位在区域内巡逻。会在路径点之间来回移动，并攻击沿途遇到的敌人。
strikeGroupMain,Основная ударная группа,主力突击编组
strikeGroupMain-info,"Войска, которые вы можете разместить на карте сразу. Вам также будет выдан мобильный командный пункт для строительства базы.",你可立即部署到地图上的部队。你还将获得一个移动指挥所，用于在战场上建造和增援。
strikeGroupAdd,"Подкрепление с ""Глобальной карты""",全局地图增援
strikeGroupAdd-info,"Глобальной карты в демо нет, но вы можете явно указать, какие войска придут на карту при вызове подкреплений.
Чем больше лимита войск вы возьмёте, тем дольше ждать следующего подкрепления.

Щелкните мышкой, чтобы выбрать.","演示版中没有全局地图，但你可以明确指定哪些部队将作为增援抵达，以及何时可召唤。"
difficultyLevel,Сложность Врага,敌方难度
difficultyLevel-info,"Множитель сложности влияет на общую сложность противника.

Вот референсные значения для ориентира:
+0.5 - легкая сложность.
+1.5 - средняя сложность.
+3 - тяжелая сложность.

Бот начинает жульничать после 2,5 множителя.","难度倍率影响敌人的整体难度。

以下是各难度级别的参考值：
简单 = 0.6x，普通 = 0.8x，困难 = 1.0x，残酷 = 1.3x"
enemyBaseScale,Размер баз врага,敌方基地规模
enemyBaseScale-info,"Количество генерируемых построек на карте. 
Выходное значение построек влияет на сложность игры и её продолжительность.","地图上生成的建筑数量。
建筑数量影响敌人的生产能力和整体战力。
x1 为正常规模。"
unit-bmp,БМП,BMP 步兵战车
unit-bmp-info,Тяжелая БМП с хорошим бронированием.,装甲厚实的重型步兵战车。
unit-rifleSquad,Стрелки,步枪兵小队
unit-rifleSquad-info,Стрелки - это легкая пехота. Выполняет поставленные задачи за счет количества.,步枪兵是轻步兵。他们以数量取胜。
unit-brem,БРЭМ,BREM 装甲维修车
unit-brem-info,Основная машина ремонта. Способна ремонтировать технику и восстанавливать подбитые сверхтяжелые машины.,主要维修载具。能够维修载具并修复受损的超重型单位。可在短时间内恢复战斗力。
unit-bronenosets,Броненосец,重装突破坦克
unit-bronenosets-info,"Броненосец, это тяжелый штурмовой танк. Обладает очень крепкой бронёй и способен восстанавливать прочность прямо на поле боя.",重装突破坦克。装甲极强，可通过再生恢复生命值。无炮塔设计使其对建筑和集群目标效果显著。
unit-btr,БТР,BTR 装甲运兵车
unit-btr-info,"БТР, вооруженный зенитным пулемётом.",配备防空机枪的装甲运兵车。可运输步兵单位并提供防空火力支援。
unit-btrFlamer,"БТР ""Огнемётный""",火焰喷射装甲车
unit-btrFlamer-info,Огнемётная машина созданная на основе стандартного БТР. Легкая броня. Скорость выше средней. Поджигает местность.,基于标准装甲车的火焰喷射载具。轻甲，速度高于平均。可点燃地形。
unit-armcar,Бронемашина,装甲侦察车
unit-armcar-info,"Машина с противопульной бронёй. Идеально подходит для разведки. Легкая зенитная пушка, очень высокая скорость.",防弹装甲载具。非常适合侦察。轻型高射炮，速度极快。
unit-dreadHowitzer,"Дредноут ""Бомбарда""","无畏舰 榴弹炮型"
unit-dreadHowitzer-info,"Сверхтяжелая артиллерия. Самая мощная пушка из тех, что можно свободно передивагать по полю боя.",超重型榴弹炮。战场上威力最大的可移动火炮。射程极远，单发伤害极高，但装填时间长且机动性差。
unit-dreadnought,Дредноут,无畏舰
unit-dreadnought-info,"Сверхтяжелая артиллерия. Незаменимая машина для обороны, укрепления на позициях и долгой осады вражеских линий. В мобильном режиме может поддержать наступление.","超重型火炮。防御、筑垒和长期围攻敌方防线不可或缺的载具。可在移动模式下支援进攻。"
unit-flameTank,Огнемётный танк,火焰坦克
unit-flameTank-info,"Бронированная огнемётная машина. Потоковый огнемёт постоянно поджигает поверхность. Прочность высокая, мобильность низкая.","装甲火焰喷射载具。其射流式火焰喷射器持续引燃地表。生命值高，但射程较短。"
unit-combine,Комбайн,联合收割机
unit-combine-info,Рабочая машина для сбора полезных минералов с поверхности земли. Основа экономики. Таких лучше иметь как можно больше.,用于从地表采集有用矿物的工作机械。你军队经济的支柱。收集矿物并运送至仓库。
unit-massInfantry,Масс пехота,大规模步兵
unit-massInfantry-info,Большие пехотные отряды. Увеличенный кулак из стрелков в легкой броне и пехотинца с противотанковым гранатомётом.,大型步兵编队。由轻甲步枪兵和步兵支援单位组成的更大编队。以数量压制敌人。
unit-gorbTank,Горб-танк,Gorb 坦克
unit-gorbTank-info,"Массовый тяжелый танк прорыва с круговым бронированием. Отсутствует башня.
Эффективен против зданий и крупных скоплений.","量产重型突破坦克，全方位装甲。无炮塔。
对建筑和大规模集群效果显著。"
unit-atSquad,ПТ отряд,反坦克小队
unit-atSquad-info,"Легкая пехота с противотанковым вооружением. 
При попадании наносит значительный урон транспортным средствам и зданиям.","携带反坦克武器的轻型步兵。
对载具和建筑造成显著伤害，但对步兵效果差。"
unit-molot,"Гаубица ""Молот""","榴弹炮 Molot"
unit-molot-info,"Самоходная гаубица. Основная и самая массовая артиллерия.
Сильна в больших количествах. Требует развёртывания для ведения огня.
","自行榴弹炮。最基础也是最广泛使用的火炮。
数量多时威力强大。需要展开才能开火。"
unit-brutes,Бруты,蛮兽
unit-brutes-info,"Медленное, косое и кривое, но вооруженное пушечное мясо.
Комплектор формирует их как придётся, но для вас, это бесплатная ""грубая сила"".","缓慢、笨拙、畸形的武装炮灰。合成器将它们组装起来投入战场。成本低廉，可以大量生产。"
unit-spotters,Корректировщики,观测手
unit-spotters-info,Отряд из снайпера и наводчика. С помощью тяжелых радиостанций на плечах может наводить артиллерию для обстрела позиций с любой дистанции.,"由一名狙击手和一名枪手组成的小队。使用重型背负式无线电，可以为远程火炮提供目标指引。"
unit-heavyInfantry,Штурм. отряд,突击小队
unit-heavyInfantry-info,Универсальный отряд пехоты. Включает в себя тяжелого зенитчика и отряд стрелков. Солдат с автопушкой очень силён и живуч.,多功能步兵单位。包含一名重型防空枪手和一名步枪兵。能够应对多种威胁。
unit-supvehicle,Мобильный лагерь поддержки,移动支援营地
unit-supvehicle-info,Передвижной пехотный лагерь обеспечивает поддержку похоты.,移动步兵营地，为步兵提供支援。可在前线附近提供补给和维修。
unit-mainTank,"Танк ""Т-50Б""","Tank ""T-50B"" 主战坦克"
unit-mainTank-info,"Основной боевой танк. Универсальный и массовый, на гусеничной базе. Может вести наступление. Эффективен против техники и зданий.
","主战坦克。多用途履带式坦克，广泛部署。可进行远程射击并有效对抗载具。"
unit-rszo,"РСЗО ""Вихрь""","MLRS ""Vortex"" 多管火箭炮"
unit-rszo-info,"Большая дистанция стрельбы, но и большая минимальная дальность. Работает по площадям с большим разбросом. Снаряды с большой поджигающей нагрузкой.","远程火箭炮。射程远但最小射程也远。以范围火力有效覆盖大面积区域。火箭散布大。"
unit-yak,П-2,P-2 攻击机
unit-yak-info,Перехватчик. Тяжелые пулемёты смогут справяться с любой воздушной целью.,截击机。重机枪可应对任何空中目标。速度快但装甲薄弱。
unit-aaTank,"ЗУ ""Выхлоп""","ZU ""Exhaust"" 自行防空炮"
unit-aaTank-info,Тяжелая самоходная зенитная установка. Сбивает воздушные цели и может стрелять прямой наводкой по наземным целям.,重型自行高射炮。击落空中目标。对地面单位效果较差。
unit-zeppelin,Тяжелый транспортник,重型运输飞艇
unit-zeppelin-info,Перевозит технику. Может отстреливаться легким пулемётом.,运输装备。可发射轻型机枪。可运输大量单位穿越战场。
unit-mcv,МСЦ,机动建造车
unit-mcv-info,"Мобильный сборочный цех, это передвижной пункт управления строителями. Осуществляет строительство базы и связь с командованием.",机动建造车。你可以展开它以建立基地。是所有建造项目的起点。
unit-mgTurret,"Турель ""АК-30""","""AK-30"" 防空炮塔"
unit-mgTurret-info,"Универсальная турель, способная бороться против пехоты и сбивать вражескую низколетящую авиацию. Можно перемещать.",多功能炮塔，可对抗步兵和击落低空飞行目标。中距离有效。
unit-repairPad,Ремонтная площадка,维修平台
unit-repairPad-info,Ремонтирует технику заехавшую на площадку. Может перемещаться.,维修进入平台范围的装备。可移动。非常适合前线维修。
unit-bigBrem,"ТРМ ""Силач""","TRM ""Silach"" 重型维修车"
unit-bigBrem-info,Тяжелая ремонтная машина. Ремонтирует технику в ближайших квадратах. Есть также улучшение на лечение пехоты.,重型维修车。修复附近格内的载具。可升级获得步兵治疗能力。
unit-cerber,Цербер,地狱犬
unit-cerber-info,Штурмовой бронированный мутант с прочными костями. Легко восстанавливает здоровье во время сражения. Не мобилен и имеет 2 артиллерийских пушки.,装甲突击变种人，骨骼强韧。可轻松再生生命值。近战威力强大。
unit-corrupter,Хост губитель,宿主腐化者
unit-corrupter-info,"Своеобразная артиллерия-призыватель. Во время атаки отправляет через землю мини-червей исполняющие роль хлыстов и при этом призывает рой гнуса.
Уязвим в ближнем бою.","独特的召唤型火炮单位。攻击时发射微型蠕虫，附身敌方单位并造成持续伤害。"
unit-fatSwarm,Крепкий ползун,强力爬行虫群
unit-fatSwarm-info,"Ползун, это недоросший цербер. Бронирован, медлителен, хороший урон по зданиям.","爬行者是小型地狱犬。装甲厚重，速度缓慢，对建筑伤害高。"
unit-gnus,Гнус бетоноед,混凝土吞噬者
unit-gnus-info,Так же хорошо переваривает и металл. Мухи хорошо пожирают технику и сбивают с толку пехоту.,也能很好地消化金属。善于吞噬载具和建筑。变种人的反装甲单位。
unit-mutantHarv,Большой сборщик,大型采集器
unit-mutantHarv-info,"Сборщик мутантов, это большая и медлительная баржа с внушительным объёмом переносимых материалов. Является основным экономическим юнитом мутантов.","变种人采集器是一艘大型、缓慢移动的驳船，拥有令人印象深刻的载货能力。变种人的主要资源采集单位。"
unit-massMeat,Масса плоти,血肉之山
unit-massMeat-info,Ожившая и вставшая наноги куча всего на свете. Очень много здоровья и очень большой размер.,"一堆复活站立起来的各种东西。生命值极高，近战伤害非常可怕。速度极慢。"
unit-meat,Мясо,肉块
unit-meat-info,Небольшой кусок мяса на ногах. Эффективно поражает пехоту гнилыми выстрелами.,小型近战变种人。最基础的变种人单位。成本低廉。
unit-gigant,Гигант,巨人
unit-gigant-info,Мутант из серии колоссов. Разрушителен во всех смыслах.,巨像系列的变种人。全方位的毁灭者。
unit-muha,Муха мутант,变种人飞虫
unit-muha-info,Это большая муха-мутант с ракетницей. Быстро летает.,装备火箭发射器的大型变种人飞虫。飞行速度快。可攻击地面和空中目标。
unit-warriors,Бойцы-мутанты,变种人战士
unit-warriors-info,Cтрелковая пехота мутантов. Переростоки с вросшими в руки пулемётами могут перестрелять свои аналоги с большим отрывом.,变种人步枪步兵。过度生长的生物，机枪已融入手臂。基础的变种人远程单位。
unit-oldTank,Старый танк,老旧坦克
unit-oldTank-info,Старый трёхгусеничный танк собранный из мусора и частей других танков. Показатели средние с небольшим уклоном в стрельбу по пехоте.,"从废料和其他坦克零件组装的三履带老旧坦克。成本极低但性能有限。"
unit-scumMutant,Больной мутант,病态变种人
unit-scumMutant-info,"Тяжелая пехота мутантов. Ходит в одиночку и уязвим к тяжелому вооружению, но в перестрелках ему нет равных.","变种人重型步兵。单独行动，易受重型武器攻击，但在正面交火中无人能敌。"
unit-spider,Паук,蜘蛛机甲
unit-spider-info,"Технически не паук, но его прозвали так из за тонких ног. Очень быстр и эффективен против машин. Отлично подходит для фланговых обходов. Живучести почти нет.","技术上不是蜘蛛，但因细长腿而得此外号。机动性极强。可爬越障碍。"
unit-swarm,Червяки,蠕虫群
unit-swarm-info,"Еда для мутантов и штурмовой потенциал одновременно. Быстро сбривают пехоту, если доползают.",变种人的食物兼突击力量合为一体。快速吞噬步兵。数量庞大但个体脆弱。
unit-toxicArtillery,Плотестрел,Plotestrel 毒素火炮
unit-toxicArtillery-info,Дальнобойная артиллерия. По очень высокой траектории и на большую дальность запускается снаряд с полезной нагрузкой ввиде урона. Эффективна против зданий.,远程火炮。以极高弹道发射远程摧毁性载荷的炮弹。对建筑有效。
unit-baloon,Боевой шар,战斗气球
unit-baloon-info,Легкий воздушный шар летающий на средне-низкой высоте. Вооржуен ракетницей для стрельбы по наземным целям.,中低空飞行的轻型热气球。装备火箭发射器攻击地面目标。
unit-sonicWagon,Звуковая артиллерия,声波炮车
unit-sonicWagon-info,Специальная машина для уничтожения засоров в гражданских системах. Так же неплохо подходит для разрушения плоти и легкой техники.,用于清除民用系统堵塞的专用机器。改装用于战场，发射破坏性声波。对建筑有效。
unit-assaultTruck,Штурмовой грузовик,突击卡车
unit-assaultTruck-info,"Тяжелая машина прорыва. Вооружена крупными зенитными пулемётами и пушками в спонсонах. Высокая живучесть, но не самая лучшая броня.","重型突击载具，装备防空机枪和多管加农炮。多功能战斗平台。"
unit-buggy,Пикап,皮卡突击车
unit-buggy-info,"Легкая машина с тяжелым зенитным пулемётом. Высокая скорость, слабая броня, отлично подходит для разведки и перестрелки с пехотой.","配备重型防空机枪的轻型载具。高速轻甲，擅长侦察和步兵支援。"
unit-wheeledDom,Передвижной дом,移动房车
unit-wheeledDom-info,Огромный дом-сарай обеспечивающий командование в зоне своего прибывания. Большй выбор вооружения в круг. Иногда мятежники и бандиты используют его в качестве штурмовой единицы.,巨大的仓库式建筑，掌控其作战区域。提供丰富的武器选择。
unit-smallTank,"Танк ""М-40""","Tank ""M-40"" 轻型坦克"
unit-smallTank-info,"Легкий танк, созданный на основе прототипов из далекого прошлого.",基于远古原型设计的轻型坦克。
unit-monocycle,Моноцикл Т-2,Unicycle T-2 独轮车
unit-monocycle-info,"Тяжелая версия моноцикла. Бронированная от легкого вооружения, но всё еще быстрая.","独轮车的重装版本。能抵御轻型武器，依然很快。"
unit-ballista,Баллиста,弩炮
unit-ballista-info,Механизированная энергетическая баллиста. Тяжелая артиллерия ближнего действия. Наносит большой урон быстрым разрядом по позиции. Мобильность очень низкая.,"机械化能量弩炮。重型近程火炮。快速对指定位置释放高额伤害。"
unit-warbot,Отряд дронов,无人机小队
unit-warbot-info,"Самый легкий юнит роботической экскалационной миссии. Бронирован, относительно быстр, в отряде 2 дрона. Высокая эффективность против пехоты.","机器人升级任务中最轻的单位。装甲厚实，速度相对较快。廉价可靠的自动战斗单位。"
unit-robotHarv,Дрон сборщик,采集无人机
unit-robotHarv-info,"Это харвестер для сбора полезных ресурсов на карте. Эскалация делает упор на быстроту сбора и перевозки, а не на вместительность, так что их потребуется немало.","用于在地图上收集有用资源的采集器。升级任务中的资源采集单位。"
unit-liner,Тяжелый лайнер,重型班轮
unit-liner-info,Большая машина роботов созданная для обороны баз и разведки боем.,为基地防御和战斗侦察设计的大型机器人。
unit-seeker,Искатель,探寻者
unit-seeker-info,Гравитанк ПВО. Ведёт огонь ракетами с уроном по области. Так же эффективен против пехоты. Бронированную технику пробивает с трудом.,防空重力坦克。发射范围伤害导弹。对抗空中集群效果显著。
unit-spear,Арк-копьё,弧光矛
unit-spear-info,Тяжелая артиллерия Роботической Эскалации. Очень сильна против всех целей и имеет подвижную базу.,机器人升级任务的重型火炮。对抗任何目标都非常强大。需要大量能量。
unit-roboTank,Плазмо-танк,等离子坦克
unit-roboTank-info,Основной боевой танк роботов на гравитационной подушке. Лучший в своём роде.,"机器人主力战车，重力驱动。同类中最佳。平衡的装甲和火力。"
unit-devastator,"Танк ""Опустошитель""","Tank ""Desolator"" 重型坦克"
unit-devastator-info,Тяжелая машина с энергетическим орудием основанное на технологиях роботов. Есть еще пулемёты в спонсонах.,装备机器人技术能量武器的重型载具。侧舷配备机枪。
unit-tankBeam,"Танк ""Луч""","坦克 Luch"
unit-tankBeam-info,Танк с тяжелым плазменным резаком.,装备重型等离子切割器的坦克。持续伤害光束。对建筑和重型装甲效果极佳。
unit-marauder,Мародёр,掠夺者
unit-marauder-info,Небольшой грузовик с ракетной пусковой установкой.,装备导弹发射器的小型卡车。快速、灵活、致命。
unit-tvmech,Телевизор,TV 机甲
unit-tvmech-info,Еще одна машина прошлого. Модификация наёмников включает в себя более мощную броню и 50мм автопушку.,另一个来自过去的载具。雇佣兵版本包含更强大的武器和更好的装甲。
unit-rafa,Рафа,Rafa 装甲车
unit-rafa-info,Быстрый и мелкий трайк оснащенный четырьмя ракетами.,装备四枚导弹的快速小型三轮突击车。
unit-scorpion,Скорпион,蝎子火炮
unit-scorpion-info,Артиллерия пустоши. Простая и незатейливая. Показатели усреднённые.,废土火炮。简单直接。性能中等。可靠的远程火力支援。
build-oilPump,Заброшенная шахта,废弃矿场
build-oilPump-info,"Починив это здание, оно приносит дополнительные ресурсы.",修复此建筑将提供额外资源。
build-medPoint,Медицинский пост,医疗站
build-medPoint-info,Медицинские точки лечат пехоту в небольшой области. Со временем ломается.,医疗站治疗小范围内的步兵。随时间磨损需要维修。
build-largePipe,Большая труба,大型管道
build-heavyWall,Тяжёлая стена,重型墙壁
build-heavyWall-info,Модульная стена из супербетона. Очень прочная.,由超级混凝土制成的模块化墙壁。非常耐久。
build-heavyCover,Тяжёлое укрытие,重型掩体
build-heavyCover-info,"Это укрытие сделано из прочных материалов, за ним пехота продержится дольше.","由耐久的材料制成的掩体。步兵将在更长时间内坚守阵地。"
build-armory,Арсенал,军械库
build-armory-info,"Некоторые юниты требуют это здание. 

Урон ваших новых войск повышается на 5% за каждое дополнительное здание. Не больше 30%.","部分 T3 单位需要此建筑。

每个额外建筑增加你新部队的伤害12%，最高40%。"
build-atTurret,"Турель ""AК-125""","""AK-125"" 反坦克炮塔"
build-atTurret-info,Стационарная противотанковая турель. Внутри установлен автомат заряжания обеспечивающий высокую скорострельность.,"固定式反坦克炮塔。内部安装了自动装弹机。对抗载具效果显著。"
build-avanpost,Аванпост,前哨站
build-avanpost-info,Аванпост - связующее звено межтерриториальной коммуникации. Такие здания размещаются в пустошах.,前哨站是跨区域通信的链接。此类建筑提供额外建造区域和补给。
build-barn,Склад,仓库
build-barn-info,Расширяет лимит снабжения.,扩展补给上限。
build-bigBarn,Большой склад,大型仓库
build-bigBarn-info,"Сильно расширяет лимит снабжения. Полезен для более быстрого развёртывания
 и лучше подходит для поздней стадии конфликта.",大幅增加补给上限。有助于更快部署和更好地储存资源。
build-barracks,Казармы,兵营
build-barracks-info,"Основное производящее здание для войск типа ""пехота"". В нём можно призвать на поле боя различные виды живой силы.",步兵单位的主要生产建筑。可召唤各类步兵：步枪兵、医护兵、工程师等。
build-bunker,Бункер,碉堡
build-bunker-info,"Прочное оборонительное здание, в которое можно поместить пехотные отряды. Это здание также может восстанавливать здоровье пехоте при соответствующих улучшениях.",坚固的防御建筑，可容纳步兵单位。提供射程和防护加成。
build-largeCrane,Строительный кран,工程起重机
build-largeCrane-info,"Добавляет еще одну очередь строительства зданий. Сильно расширяет зону строительства.

Ремонтирует технику в небольшом квадрате.","增加额外的建筑建造队列。大幅扩展建造区域。维修附近的装备。"
build-tankFactory,Завод техники,机械工厂
build-tankFactory-info,"Основное производящее здание для войск типа ""техника"".

Строительство этих заводов в ряд даёт скидку на производство.","载具单位的主要生产建筑。

建造此建筑以生产坦克、装甲车和其他重型装备。"
build-flamerTurret,Огнемётная турель,火焰炮塔
build-flamerTurret-info,Потоковый огнемёт постоянно поджигает местность и наносит серьёзный урон пехоте и лёгкой технике. Имеет ограниченый угол обзора и наведения.,"射流式火焰喷射器持续点燃区域，造成显著伤害。对抗步兵和建筑效果极佳。"
build-generator,Энергостанция,发电站
build-generator-info,"Увеличивает сетевую мощность. Если уровень мощности будет отрицательным, большая часть оборонительных сооружений отключится, а производство войск замедлится.","增加电网容量。如果容量为负值，大多数防御结构将停止工作。生产速度也会大幅降低。"
build-smallgen,Легкий генератор,轻型发电机
build-smallgen-info,Дешевый и небольшой генератор.,廉价的小型发电机。
build-massfab,Мат. Фабрикатор,材料制造器
build-massfab-info,"Фабрикатор материи. Катализатор внутри этой фабрики, расходуя большое количество энергии, производит из глубинной минеральной крошки стандартный ресурс.","物质制造器。工厂内的催化剂使用大量能源合成材料。材料收入极快。"
build-radar,Радар,雷达站
build-radar-info,С помощью этого здания можно производить разведку и скан местности. Также он подсвечивает статические постройки противника.,此建筑可用于侦察和地形扫描。揭示大片战争迷雾并提供预警。
build-refinery,Завод переработки,精炼厂
build-refinery-info,"Минералоперерабатывающий завод. Перерабатывает минералы в основной ресурс. 

Пропускная способность около двух комбайнов.","将采集的矿物加工成可用材料。靠近矿脉建造以获得最佳效率。"
build-silo,Хранилище,仓库
build-silo-info,Расширяет максимальный лимит хранимых материалов (основной ресурс).,扩展主要资源材料的最大储存上限。
build-resStation,Ресурсная площадка,资源平台
build-resStation-info,"С помощью этого здания, вы можете получить доступ к ресурсам с глобальной карты. Транспортник автоматически начнёт выгружать ресурсы, если таковые будут.",此建筑允许你从全局地图获取资源。是全局资源调度的关键。
build-complector,Комплектор,合成器
build-complector-info,"Биоинженерная станция, постепенно производящая ""Брутов"".

Механика пристроек:
- Казармы рядом получают скидку 5%.
- Электростанции ускоряют производство ""Брутов"".
- Хранилища увеличивают максимальное кол-во ""Брутов"".

Уже существующие Комплекторы расширяют свой максимальный лимит ""Брутов"".","生产蛮兽的生物工程站。

附属机制：附近兵营费用降低5%。电力连接增加效率。"
build-foundry,Литейная,铸造厂
build-foundry-info,"Некоторые юниты требуют это здание. 

Прочность ваших новых машин повышается на 10% за каждое дополнительное здание. Не больше 50%.","部分 T3 单位需要此建筑。

每增加一座此建筑，新单位耐久度提升18%，最高58%。"
build-supplyDepot,Депо снабжения,补给站
build-supplyDepot-info,Занимается обеспечением ваших войск. А также открывает возможность размещения складов снабжения.,为你的部队提供持续支援。同时开启额外补给升级的可能性。
build-trench,Окоп,战壕
build-trench-info,Самое дешевое и быстро возводимое оборонительное сооружение относительно других.,相比其他防御结构最便宜和最快建造的防御工事。步兵可进入。
build-yarus,"Пусковая шахта ""Ярус""",Yarus 导弹发射井
build-yarus-info,"Экспериментальная пусковая фабрикаторная шахта, производит тяжелые ракеты с фугасной боевой частью и управляет их запусками.","实验性发射制造井，生产带有高爆弹头或特殊载荷的重型导弹。"
build-subgen,Доп. генератор,附加发电机
build-subgen-info,Твёрдотопливный генератор. Вырабатывает дополнительную мощность. Устанавливается на обычную энергостанцию.,固体燃料发电机。产生额外电力。可安装在发电站上以增加输出。
buid-aaStratTower,Зенитная башня,防空塔
buid-aaStratTower-info,"Тяжелая зенитная башня. Зенитные пушки сбивают воздушные цели на большом расстоянии нанося урон по большой области. Лучше уничтожить или захватить как только появится возможность.
","重型防空炮塔。高射炮击落空中目标。对抗大规模空袭效果显著。"
build-civsStructs,Гражданские структуры,民用结构
object-ostov,Руины,废墟
object-container,Контейнер,集装箱
unit-heavyBomber,Тяжелый бомбардировщик,重型轰炸机
build-midStrat,Особый объект,特殊目标
build-midStrat-info,"Специализированные здания особой направленности. Контроль над ними, в теории, обеспечит преимущество.","具有特定功能的专业建筑。控制它们在进攻和防守中提供关键加成。"
build-ostov,Остов,废墟
build-strategicStructure,Стратегическая постройка,战略建筑
build-strategicStructure-info,"Немалых размеров структура выполняющая стратегические функции как на глобальной карте, так и в тактическом режиме в зависимости от задачи.","规模相当大的建筑，在攻防两端执行战略功能。控制它们至关重要。"
build-flyPod,Создатель мух,苍蝇制造者
build-flyPod-info,Биофабрика для порождения летающих мутантов.,生产飞行变种人的生物工厂。
build-mutantBarrack,Дом мутантов,变种人之家
build-mutantBarrack-info,"Гнездовидный дом мутантов. В нём живут и снаряжаются пехотные подразделения, которые вы сможете призвать на поле боя. Основное производящее здание для войск типа ""пехота"".",巢穴般的变种人住所。容纳并装备可召唤至战场的步兵单位。主要步兵生产建筑。
build-bioSpot,Био пузырь,生物气泡
build-bioSpot-info,"Универсальное здание для расширения лимита снабжения и хранилище для материи. Так же даёт энергию, на всякий случай.","用于扩展补给限制和储存材料的多功能建筑。顺便提供能量。"
build-bioCapsule,Капсулы,胶囊
build-bioCapsule-info,Капсулы хранения юнитов. Освобождают мутантов в них находящихся.,单位储存胶囊。释放其中包含的变种人。
build-mutantFactory,Формирующий дом,塑形之屋
build-mutantFactory-info,"Завод по производству биомашин, тяжелых мутантов и прочих аналогов механической техники. Основное производящее здание для войск типа ""техника"".","生产生物机械、重型变种人及其他机械装备的工厂。变种人的主要生产建筑。"
build-oddFlak,Странная зенитка,奇异高射炮
build-oddFlak-info,Скорострельная турель для сбивания вражеских летательных аппаратов.,击落敌机的速射炮塔。
build-massMeatPool,Омут массы плоти,血肉之池
build-massMeatPool-info,"Большое здание взращивает гиганских размеров мутанта. В своей статической форме исполняет роль дальнобойной артиллерии, которую очень сложно проигнорировать на поле боя.","培育巨型变种人的大型建筑。静止形态作为远程火炮使用，极难被摧毁。"
build-bioRefinery,Желудок добычи,猎物之胃
build-bioRefinery-info,Перерабатывающий минералы биоцех. Основное экономическое здание мутантов.,矿物处理生物车间。变种人的主要经济建筑。
build-spitTurret,Турель-плевака,喷射炮塔
build-spitTurret-info,"Большая артиллерийская турель. Отлично справляется с техникой и пехотой, но имеет очень высокую траекторию полёта снаряда с низкой начальной скоростью.","大型火炮炮塔。对抗载具和步兵效果极佳，但弹道极高且炮口初速低。"
build-mutantPost,Наблюдательный росток,观察芽
build-mutantPost-info,Пост для контроля местности.,区域控制哨站。
build-wormTurret,Подземный глист,地下蠕虫
build-wormTurret-info,Червь внезапно наносящий урон по линии и по области. Эффективен против всего до чего дотянется. Сложно поразить без артиллерии.,在线形和区域内造成突然伤害的蠕虫。对抗步兵集群效果显著。
build-airPit,Авио яма,飞行器坑
build-airPit-info,Цех для сборки летательных аппаратов из мусора.,用废料组装飞行器的车间。
build-slavePost,Хозяйский аванпост,主人前哨
build-slavePost-info,"Большой склад рабов. Забавный факт: обычно в рабов записывают пленных синтетических людей, так как почти не из чего выбирать.","大型奴隶仓库。有趣的事实：被俘的合成人通常被征为奴隶，因为别无选择。"
build-troopShack,Хижина боевиков,民兵棚屋
build-troopShack-info,"Притон для бандитов. Разного рода военные группировки остаются в этих местах, чтобы в последствии распространять своё влияние. Основное здание для найма пехоты мятежников.",匪徒巢穴。各种武装团体盘踞于此以扩张势力。叛军的主要建筑。
build-machineShop,Моторный цех,机械车间
build-machineShop-info,"Свалка из трофеев, ураденных деталей и недоделанных проектов. Здесь мятежники строят свою технику.","战利品、偷来的零件和未完成项目的垃圾场。叛军在此建造装备。"
build-oldGenerator,Генератор,老式发电机
build-oldGenerator-info,"Обычный, несколько постаревший, твёрдотопливный генератор. Увеличивает сетевую мощность.","标准但稍旧的固体燃料发电机。增加电网电力。"
build-oldFlak,Зенитка,老式高射炮
build-oldFlak-info,2 тяжелых пулемёта в круговой турели. Стреляет по воздушным и наземным целям.,圆形炮塔中的两挺重机枪。可攻击空中和地面目标。
build-oldSilos,Шаровые силосы,球形料仓
build-oldSilos-info,Незатейливое хранилище материалов.,简单材料储存。
build-oldTower,Смотровая вышка,观察塔
build-oldTower-info,Наблюдательный пост для контроля над территорией.,区域控制观察哨。
build-robotBarrack,Легкий пехотный цех,轻型步兵车间
build-robotBarrack-info,Сборка войск пехотоподобного типа. Основное здания для пехоты у Роботической Эскалации.,组装步兵型部队。机器人升级任务的主要步兵建筑。
build-robotFactory,Завод механоидов,机械体工厂
build-robotFactory-info,Тяжелые машины появляются здесь. Основное здание для машин у Роботической Эскалации.,重型载具在此生产。机器人升级任务的主要载具建筑。
build-robotGenerator,Реактор,反应堆
build-robotGenerator-info,Расширяет допустимую мощность в сети и позволяет построить больше зданий без потери функциональности турелей и снижения скорости производства войск.,扩展可用电网电力，允许更多建筑运作。
build-robotRefinery,Очистной центр,净化中心
build-robotRefinery-info,"Место, куда дроны сборщики складывают минералы, после чего вы получаете материю для строительства и производства. Основное экономическое здание.","收割无人机倾倒矿物之处，产出建造和生产所需材料。"
build-robotSilo,Хранилище,仓库
build-robotSilo-info,Хранит материалы для постройки армии и строительства базы. Расширяет максимальный запас материалов.,储存军队和基地建造的材料。扩展最大材料储量。
build-plasmaTurret,Плазменная турель,等离子炮塔
build-plasmaTurret-info,Плазменный резак против вражеской техники. Постоянный чистый урон выжигает цель любого бронирования.,对抗敌方载具的等离子切割器。持续的纯粹伤害烧穿装甲。
ability-artilleryGuid,Наведение артиллерии,火炮指引
ability-artilleryGuid-info,"Вся артиллерия в режиме поведения ""удерживать позицию"" обстреливает выбранную позицию на любой дистанции.

Способность может быть заблокированна, если нет артиллерии в нужном режиме.","所有处于固守模式的火炮向选定位置开火，持续约30秒。"
ability-regroupHeal,Перегруппировка,重组休整
ability-regroupHeal-info,Пополнение пехотных подразделений и восстановление их здоровья.,补充步兵小队并恢复其生命值。
ability-exit,Выход,退出
ability-exit-info,Выйти из помещения или транспорта.,离开建筑或载具。
ability-setMode,Выключить/включить,开/关
ability-setMode-info,Прекращает работу или начинает работу в зависимости от текущего режима.,根据当前模式停止或开始运作。
ability-craneArrow,Направить стрелу,瞄准箭头
ability-craneArrow-info,Кран направляет стрелу в направлении указанного юнита.,起重机将吊臂指向指定单位的方向。
ability-setupPos,Укрепление,加固
ability-setupPos-info,Укрепляется в текущей позиции.,原地筑垒加固。增加防御力。
ability-setupState,Развертывание,展开
ability-setupState-info,"Объект разворачивается в статический объект. В статическом режиме наоборот, свёртывается в мобильный.","目标展开为静态物体。在静态模式下，它收起移动部件并获得额外能力。"
ability-subArmore,Регенеративная броня,再生装甲
ability-subArmore-info,"Регенеративная броня перегружается и даёт дополнительную прочность машине. Осторожно! Ближайшая пехота получит серьёзный урон. 

Перегрузка может убить машину, если у неё мало прочности.","再生装甲超载，为目标提供额外耐久度。"
ability-flakAmmo,Зенитный снаряд,防空弹药
ability-flakAmmo-info,Юнит меняет снаряды на зенитные. Что даёт им возможность стрелять по воздуху и наносить повышенный урон по пехоте.,"单位将炮弹替换为防空炮弹，使其能够射击空中目标。"
ability-selectInBunker,Выбрать юнитов внутри,选择内部单位
ability-selectInBunker-info,Этот объект предоставляет возможность выбрать юнитов размещённых внутри него.,该目标提供选择内部驻守单位的能力。
ability-forcedFire,Обстрел территории,区域炮击
ability-forcedFire-info,Принудительный обстрел. Артиллерия будет обстреливать выбранную область около 10 секунд если есть очередь из приказов.,强制炮击。火炮将炮击选中的区域约30秒。
ability-startHarvest,Начать работу,开始采集
ability-startHarvest-info,"Автоматически находит подходящий минерал и начинает добычу. Если хранилища почти полные, поедет на выгрузку.","自动寻找合适的矿物并开始采集。如果仓库接近满载，会自动卸载。"
ability-harvDrop,Сброс комбайна,联合收割机重置
ability-harvDrop-info,Транспортник приносит новый комбайн на поле боя.,运输机将新的采集器投放到战场。
ability-freeDefence,Охрана,安保
ability-freeDefence-info,Призыв 6-и отрядов охраны. Могут помочь в сдерживании противника или поддержать наступление. Снабжение за них не требуется.,召唤6个安保小队。可帮助阻挡敌人或支援防御。
ability-regenStim,Стимулятор регенерации,再生刺激剂
ability-regenStim-info,Восстанавливает здоровье.,恢复生命值。
ability-mineSetup,Установка мин,安装地雷
ability-mineSetup-info,"Устанавливает мины нажимного действия. Мины активируются не сразу. Будьте осторожны, вы можете наехать на них и сами.","布设压力地雷。地雷不会立即激活，需谨慎——你自己也可能踩到。"
ability-scan,Сканирование,扫描
ability-scan-info,Открывает туман войны в указанном месте,打开指定位置的战争迷雾。
ability-resReloc,Остановить привоз,停止运输
ability-resReloc-info,Поставить на паузу призыв ресурсов с глобальной карты. Для возобновления нажать повторно.,暂停从全局地图召唤资源。再次点击恢复。
ability-repair,Ремонт,维修
ability-repair-info,"Выберите цель, которую хотите отремонтировать.",选择你要维修的目标。
ability-rocketLaunch,Пуск ракеты,火箭发射
ability-rocketLaunch-info,Тактическая ракета нанесёт существенный урон в указанную позицию. Перед пуском нужно разведать местность.,战术导弹将在指定位置造成显著伤害。
ability-siegeMode,Артиллерийская позиция,火炮模式
ability-siegeMode-info,Переводит все системы в артиллерийский режим. Ведёт огонь по области на дальние дистанции.,将所有系统切换到火炮模式。以弧形弹道远距离射击。
ability-smokeCurtain,Дымовая завеса,烟幕
ability-smokeCurtain-info,"Дымы создают преграду для наведения на цели как вражеских войск, так и своих.",烟雾对敌方和友军的瞄准均构成障碍。
ability-artShot,Мощный выстрел,强力射击
ability-artShot-info,Главное орудие открывает огонь по выбранной позиции/цели.,主炮向选中位置/目标开火。
support-carpetBomber,Зажигательный след,燃烧弹轨迹
support-carpetBomber-info,"Вы вызываете тяжелый бомбовоз для напалмовой бомбардировки. Бомбардировщик могут сбить.

Дальность 3 сектора.","召唤重型轰炸机执行凝固汽油弹打击。轰炸机可能被击落。"
support-gasBomber,Газовая бомба,毒气炸弹
support-gasBomber-info,"Вы вызываете тяжелый бомбовоз, для сброса газовой бомбы. Бомбардировщик могут сбить.

Дальность 3 сектора.","召唤重型轰炸机投掷毒气炸弹。轰炸机可能被击落。"
support-combineDrop,Сброс комбайна,联合收割机重置
support-combineDrop-info,Сбрасывает комбайн на поле боя.,将采集器投放到战场。
support-heavyBomber,Тяжелые бомбы,重型炸弹
support-heavyBomber-info,"Вы вызываете тяжелый бомбовоз, сбрасывающий 5 крупных бомб. Бомбы наносят урон по области и повышенный урон в центре взрыва. Бомбардировщик могут сбить.

Дальность 3 сектора.","召唤重型轰炸机，投掷5枚大型炸弹。炸弹造成巨额范围伤害。"
support-desant,Десант,空降
support-desant-info,Десантирует небольшой отряд пехоты.,一支步兵小分队正在降落。
support-scouting,Подсветка местности,区域照明
support-scouting-info,Продолжительное время раскрывает туман войны в выбранной области.,长时间揭示选中区域的战争迷雾。
support-techReinforce,Строй. подкрепление,建造增援
support-techReinforce-info,Штаб в срочном порядке наскребёт немного дополнительных деталей.,总部紧急拼凑一些额外零件。
support-interceptor,Перехватчик,截击机
support-interceptor-info,"Вызовите перехватчик ""П-2"", чтобы получить постоянный патруль в небе. Также можно использовать как разведку с воздуха.
Идеально сочетается с артиллерией.

Дальность 4 сектора.","召唤P-2截击机在天空保持持续巡逻。自动拦截敌方飞行器。"
doctrine-bunkers,Бункеры,碉堡
doctrine-bunkers-info,"Теперь вы сможете строить бункер. В отличии от турелей, он не требует электричества.","现在可以建造碉堡。与炮塔不同，它不需要电力，可驻守步兵。"
doctrine-energetics,Доп. Генераторы,附加发电机组
doctrine-energetics-info,"Открывается доступ к генератору-пристройке. Мсц так же получает портативный генератор, который даёт стартовый запас сетевой мощности.","现在可以使用发电机扩展。MSC也获得能量生产加成。"
doctrine-harvDrop,Экстренный вызов,紧急召唤
doctrine-harvDrop-info,"МПЗ смогут вызывать рабочее подкрепление ввиде дополнительного комбайна. Очень полезно, если нет возможности заказать комбайн на заводе.",MPZ 将能够呼叫工人增援，以额外收割机的形式。这非常有价值，尤其是在长时间游戏中，常出现资源短缺的情况。
doctrine-macroEco,Макро экономика,宏观经济
doctrine-macroEco-info,"Даёт возможность строить фабрикатор материи. Пассивный прирост ресурсов, это почти незаменимая вещь на поздних стадиях игры.
Вещь взрывоопасная.","允许建造物质制造器。被动资源增益，使经济更强大。"
doctrine-repairExpansion,Рем. Экспансия,维修扩展
doctrine-repairExpansion-info,"Взамен крана вы получаете Тяжелую Ремонтную машину, которая даёт небольшой квадрат строительства, хорошо ремонтирует технику и может менять своё место дислокации.","以起重机为代价获得重型维修车，提供更强大的维修能力。"
doctrine-tacticalRockets,Тактические ракеты,战术导弹
doctrine-tacticalRockets-info,"Экспериментальная пусковая фабрикаторная шахта, производит тяжелые ракеты с фугасной боевой частью и управляет их запусками.","实验性发射制造井，生产带有高爆弹头或特殊载荷的重型导弹。"
doctrine-heavyTurrets,Тяжелые турели,重型炮塔
doctrine-heavyTurrets-info,"Турель ""АК-125"" эффективна против легких, средних и тяжелых машин. Благодаря усиленному основанию имеет большую прочность, а смотровые приборы обеспечивают большую дальность поражения целей.
","AK-125 炮塔对轻、中、重型载具均有效。其强化底座提供更高强度，观测设备增强感知能力。该炮塔携带常规穿甲弹，甚至可能对重型装备构成威胁。"
doctrine-flamerTurrets,Огнемётные турели,火焰炮塔
doctrine-flamerTurrets-info,"Поджигает местность. Температура выпускаемой смеси позволяет поражать даже легкую технику.

Идеально подходит для уничтожения больших скоплений противника.","持续引燃地形。释放的混合物温度足以融化装甲。"
doctrine-mgTurrets,Пулемётные турели,机枪炮塔
doctrine-mgTurrets-info,"Зенитные мобильные турели ""АК-30"" обладают высокой скорострельностью и уроном по пехоте. Могут эффективно поражать легкую технику и воздушные цели.

Обладают возможностью перемещения и окапывания. После окапывания возможность переместить турель теряется.","AK-30 防空机动炮塔具有高射速和对步兵的高伤害。它们能有效杀伤步兵集群，补充防空体系，同时保持高机动性和生存能力。"
doctrine-assault,Доктрина штурма,突击科技
doctrine-assault-info,Открывает ряд вооружений для штурма и зачистки. Подразумевает лобовые атаки и прямые столкновения.,解锁一系列突击和清除武器。允许进行正面突破。
doctrine-repairability,Ремонтопригодность,维修能力
doctrine-repairability-info,"Если комбайн поврежден, его можно отремонтировать.","如果采集器受损，它可以被维修。"
doctrine-medic,Передвижные штабы,移动总部
doctrine-medic-info,Даёт возможность строить передвижной пехотный лагерь.,允许建造移动步兵营地。
doctrine-prototypes,Прототипы,原型机
doctrine-prototypes-info,У наёмников появится возможность предлагать древние сверхтяжелые машины или прототипы основанные на утерянных технологиях.,雇佣兵将有机会提供古老的超重型载具。
doctrine-purger,Доктрина зачистки,净化科技
doctrine-purger-info,Быстрый и опасный огнемётный БТР с тяжелым штурмовым танком для прорыва укреплений.,快速而危险的火焰喷射装甲车，搭配重型突击坦克用于突破防线。
doctrine-rszo,РСЗО,多管火箭炮
doctrine-rszo-info,"Заменяет ствольную артиллерию ""Молот"" на РСЗО ""Топаз"".",将Molot桶式火炮替换为Topaz MLRS火箭炮。
doctrine-siege,Доктрина осады,攻城科技
doctrine-siege-info,Осадная доктрина открывает доступ к ряду осадных вооружений. Подразумевает превосходящую огневую мощь и массированные обстрелы артиллерией.,攻城科技解锁一系列攻城武器。涉及超重型火炮和攻城单位。
doctrine-support,Доктрина поддержки,支援科技
doctrine-support-info,Открывает доступ к тяжелому БМП.,解锁重型步兵战车。
doctrine-tanks,Танковая доктрина,坦克科技
doctrine-tanks-info,Вместительный БТР с зенитным крупнокалиберным пулемётом и основной боевой танк с противотанковой пушкой. Универсальная доктрина для любой ситуации.,配备重型防空机枪和反坦克炮主战坦克的大型装甲运兵车。
doctrine-armoredInfantry,Бронепехота,装甲步兵
doctrine-armoredInfantry-info,Открывает отряд пехоты с тяжелым десантником преторианцем.,开启携带重型禁卫伞兵的步兵小队。
doctrine-barracksGrades,Башни казармы,兵营升级
doctrine-barracksGrades-info,"Казармы получают ряд локальных улучшений на выбор. Медицинская башня быстро лечит пехоту в квадрате, а Пехотная башня позволяет использовать более крупный и сильный отряд стрелков.","兵营获得一系列可选择的本地位升级。最多可升级两次。"
upgrade-siegeHowitzer,Осадная гаубица,攻城榴弹炮
upgrade-siegeHowitzer-info,"Башня дредноута заменяется на тяжелую платформу с бомбардой.

Не может вести огонь на ходу.","无畏舰的炮塔替换为重型榴弹炮平台。极大提升射程和威力。"
upgrade-sideArmore,Экраны,侧裙板
upgrade-sideArmore-info,Небольшая защита по сторонам.,侧面的一些防护。
upgrade-medBunker,Мед. Бункер,医疗碉堡
upgrade-medBunker-info,Бункер. Лечит пехоту в области.,医疗碉堡。治疗范围内的步兵。
upgrade-autoCannons,Автопушки,自动加农炮
upgrade-autoCannons-info,Пушки в спонсонах. Сильны против техники.,侧舷安装的火炮。对抗载具效果强。
upgrade-heavyFlamers,Тяжелые огнемёты,重型火焰喷射器
upgrade-heavyFlamers-info,Оснащает танк тяжелыми огнемётами. Поджигают поверхность и наносят огромный урон пехоте.,为坦克装备重型火焰喷射器。持续引燃地表。
upgrade-harvRocket,Ракетная турель,导弹炮塔
upgrade-harvRocket-info,Комбайн получает ракетную турель на крышу. Для самообороны.,采集器在车顶获得一个导弹炮塔用于自卫。
upgrade-horn,Громофон,扩音器
upgrade-horn-info,Громофон воодушевляющий бойцов и усиливающий их физические способности.,鼓舞战斗人员并增强其身体能力的扩音器。
upgrade-mgTurrets,Пулемётные турели,机枪炮塔
upgrade-mgTurrets-info,Техника оснащается пулемётными турелями.,载具装备机枪炮塔。
upgrade-rocketTurrets,Ракетные турели,导弹炮塔
upgrade-rocketTurrets-info,Техника оснащается ракетными турелями.,载具装备导弹炮塔。
upgrade-medBlock,Мед. блок,医疗模块
upgrade-medBlock-info,Медленно восстанавливает здоровье пехоты в большом квадрате.,在大方格内缓慢恢复步兵生命值。
upgrade-medTower,Мед. башня,医疗塔
upgrade-medTower-info,Вышка дополнительно лечит пехоту в небольшом квадрате.,塔楼在小方格内额外治疗步兵。
upgrade-mineKit,Минные поля,雷区
upgrade-mineKit-info,Набор для установки мин.,地雷布设套件
upgrade-massFlaks,Зенитная Артиллерия,高射炮
upgrade-massFlaks-info,"Заменяет Бронемашину на зенитную установку ""Выхлоп"".",将装甲车替换为 Vykhlop 防空平台。
upgrade-repMobility,Мобильность,机动性
upgrade-repMobility-info,Позволяет ремонтной площадке перемещаться.,允许维修平台移动。
upgrade-infantryTower,Башня пехоты,步兵塔
upgrade-infantryTower-info,Башня пехоты заменяет обычных стрелков на более крупный отряд регулярной пехоты. Так же башня может отстреливаться из крупнокалиберной снайперской винтовки.,步兵炮塔将标准步枪兵替换为更大的小队，携带更重的武器。
upgrade-trenching,Укрепление,强化
upgrade-trenching-info,Окоп усиливается опорами и крышей превращаясь в небольшой бункер.,"战壕用支柱和顶盖加固，变成坚固的碉堡。"
upgrade-barricades,Баррикады,路障
upgrade-barricades-info,"Вокруг турели возводятся дополнительные баррикады, что повышает её живучесть. Возможность перемещать турель теряется (при наличии).","炮塔周围竖立额外的路障，增加其生存能力。"
upgrade-nars,Неуправляемые ракеты,非制导火箭弹
upgrade-nars-info,Боевая единица вооружается неуправляемыми ракетами.,战斗单位装备非制导导弹。
upgrade-miniCrane,Мини кран,微型起重机
upgrade-miniCrane-info,Мелкая пристройка ввиде крана открывает в здании дополнительную очередь для строительства. Можно будет строить 2 разных здания за раз.,一个小型起重机扩展开启了额外的建造队列。
item-apShells,Бронебойные снаряды,穿甲弹
item-apShells-info,Увеличенная пробивающая масса в снарядах повышает урон по технике.,增加穿甲质量，提高对载具的伤害。
item-areaResist,Противофугасный слой,防爆层
item-areaResist-info,Увеличивает стойкость машины против урона по области взамен защиты от прямого урона.,以直接防御力为代价增加载具对范围伤害的抗性。
item-armoreAdd,Бронированный подбой,装甲内衬
item-armoreAdd-info,"Магическим образом инженерии, мы нашли место для дополнительной брони в машинах. Усиливает бронирование.","通过工程魔法，我们找到了放置额外装甲的空间。"
item-artilleryLoader,Артиллерийский автомат заряжания,火炮自动装弹机
item-artilleryLoader-info,"Более мощные артиллерийские автоматы заряжания. Ускоряют перезарядку артиллерийских пушек, но требуют больше места, что сказывается на прочности.","更强大的火炮自动装弹机。加快火炮装填速度。"
item-canonsLoader,Универсальный автомат заряжания,通用自动装弹机
item-canonsLoader-info,"Более универсальные автоматы заряжания. Они так же более компактны, но менее эффективны.","更多功能的自动装弹机。更紧凑，但不如专用版本强大。"
item-compositAdd,Дополнительный Композит,附加复合材料
item-compositAdd-info,"В боевом отделении размещается дополнительный габарит бронирования, уменьшая объём автоматов заряжания и областей для заряжания оружия.","战斗舱容纳额外的装甲尺寸，减少来自全方位的伤害。"
item-concrete,Супер-бетон,超级混凝土
item-concrete-info,Увеличение прочности построек.,增加建筑强度。
item-explShells,Усиленный фугас,增强高爆弹
item-explShells-info,Больше взрывчатки в снарядах. Больше урона по пехоте и зданиям.,炮弹中更多的爆炸物。对步兵和建筑造成更多伤害。
item-firePayload,Зажигательная полезная нагрузка,燃烧载荷
item-firePayload-info,"В ваших снарядах теперь есть место под зажигательную смесь, которая пожигает место приземления снаряда, взамен пробивной способности.","你的炮弹现在携带燃烧载荷，点燃命中区域。"
item-fireSuit,Огнезащитный костюм,防火服
item-fireSuit-info,В снаряжение солдата встраивается специальный огнеупорный слой. Защищает от пожарищ.,士兵装备中内置了一层特殊的防火层。提供火焰伤害保护。
item-gasPayload,Газовая полезная нагрузка,毒气载荷
item-gasPayload-info,"В ваших снарядах теперь есть место под газовый заряд. В области применения появляется облако газа, которое удушает врагов. Газ можно взорвать.","你的炮弹现在有一个毒气装药槽。命中区域出现毒气云。"
item-infantryAddHp,Усиленное здоровье,增强生命值
item-infantryAddHp-info,"Комплекс модификаций для живых организмов, который поднимает общую выживаемость. Побочные эффекты присутствуют.",提升生物体整体生存能力的改造复合体。存在副作用。
item-infantryExtraHp,Бронежилеты,防弹背心
item-infantryExtraHp-info,Одноразовые пехотные бронежилеты. При потере новые не выдаём.,一次性步兵防弹衣。丢失不补发。
item-morePayloads,Больше полезной нагрузки,更多载荷
item-morePayloads-info,"Если в ваших снарядах есть зажигательный, газовый или токсичный заряд. Его время и область увеличивается.
В ином случае эта модификация бесполезна.","如果你的炮弹携带燃烧、毒气或有毒装药，其效果持续时间更长。"
item-radio,Радиостанция,无线电台
item-radio-info,Немного увеличивает дальность атаки.,略微增加攻击范围。
item-scope,Панорамный прицел,全景瞄准镜
item-scope-info,"Увеличивает дальность атаки, но требует места в броне для размещения.","增加攻击范围，但需要装甲空间来放置。"
item-steel,Особая сталь,特种钢
item-steel-info,Машины получают усиление бронирования взамен на общую прочность.,载具获得增强装甲，以整体耐久度为代价。
item-stimulators,Стимуляторы,兴奋剂
item-stimulators-info,Допинг для дальних маршевых бросков.,用于长途行军的兴奋剂。略微增加移动速度。
item-subcalShells,Подкалиберная боевая нагрузка,次口径弹药
item-subcalShells-info,Сильно увеличивает урон по технике взамен универсальности.,大幅提升对载具伤害，以牺牲通用性为代价。
item-turretRot,Башенный привод,炮塔驱动
item-turretRot-info,Переводит мощность с двигателя на привод турели и увеличивает её скорость поворота.,将发动机动力传输至炮塔驱动，提升旋转速度。